keyword,language,topic,topicColor,keywordColor,limitPages,ratioNew
'Starkregen',de,Hazard,#4287f5,#638ed4,3,0.1483238873075964
'Unwetter Regen',de,Hazard,#a89216,#77731f,3,0.1063139777712383
'Unwettergefahr',de,Mitigation,#679e2c,#61d01c,1,0.0793981095048054
'Dauerregen',de,Hazard,#3288e5,#638ed4,2,0.0547773810829487
'Unwetterwarnung',de,Mitigation,#679e2c,#477515,1,0.0503418348576064
'Regenmengen',de,Impacts,#9e3215,#d64118,1,0.0478661256094939
'Extremwetter Regen',de,Hazard,#a89216,#c4b03b,1,0.04611013583546734
'Überflutung Regen',de,Impacts,#4287f5,#315fa8,1,0.0459562975886992
'Erdrutsche Regen',de,Impacts,#9e3215,#802d16,1,0.0435777524565678
'Hochwasser Regen',de,Impacts,#4287f5,#022f78,1,0.0393607494985251
'Kanalisation Regen',de,Impacts,#9e3215,#b55035,1,0.0374952330865415
'Hochwasser Starkregen',de,Hazard,#4287f5,#537ee4,1,0.0350756164926472
'Entsiegelung Regen',de,Mitigation,#679e2c,#61b00c,1,0.022331317789592
'Regentage',de,Hazard,#6287e5,#638ed4,1,0.0205160759212178
'Pegelstände Dauerregen',de,Impacts,#a89216,#87830f,1,0.0131809144235267
'Regenmassen',de,Hazard,#9e3215,#e64118,1,0.0040561593852406
'Regen Dachbegrünung',de,Mitigation,#679e2c,#61d01c,1,0.0034341783259214
'Hochwasserwarnung Niederschlag',de,Mitigation,#a89216,#a89216,1,0.0014343924542335
'Hangrutschung Niederschlag',de,Impacts,#679e2c,#679e2c,1,0.0007407045605842
'Starkniederschlag',de,Hazard,#9e3215,#9e3215,1,0.0005613530099792
'Regenrückhalt',de,Mitigation,#9e3215,#f64118,1,1.6677196399482872e-05
'Niederschlagstage',de,Hazard,#4277e5,#638ed4,1,2.909597158554576e-06
