,phrase,label,sentiment,subjectivity,language,count
Dauerregen,,,,,,
Deutschland,,,,,,
Berlin,,,,,,
Starkregen,,,,,,
Wochenanfang,,,,,,
Brandenburg,,,,,,
Portugal,,,,,,
Deutschlands,,,,,,
Spanien,,,,,,
Bayern,,,,,,
Vietnam,,,,,,
NRW,,,,,,
Hessen,,,,,,
Mexiko,,,,,,
Sturmböen,,,,,,
Baden-Württemberg,,,,,,
Brandenburgs,,,,,,
Thüringen,,,,,,
Rheinland-Pfalz,,,,,,
Kalifornien,,,,,,
Hawaii,,,,,,
Sachsen,,,,,,
Sachsen-Anhalt,,,,,,
…,,,,,,
Indonesien,,,,,,
Niedersachsen,,,,,,
Washington,,,,,,
Italien,,,,,,
Ibiza,,,,,,
Saarland,,,,,,
Unwettergefahr,,,,,,
Orkanböen,,,,,,
Griechenland,,,,,,
München,,,,,,
Frankreich,,,,,,
Notstand,,,,,,
Teneriffa,,,,,,
USA,,,,,,
Brasilien,,,,,,
Los Angeles,,,,,,
Nordrhein-Westfalen,,,,,,
Gewitter,,,,,,
Philippinen,,,,,,
Sri Lanka,,,,,,
Marokko,,,,,,
Landes,,,,,,
Ägäis,,,,,,
Böen,,,,,,
Münchner Flughafen,,,,,,
Hamburg,,,,,,
Unwetter,,,,,,
Südkalifornien,,,,,,
Thailand,,,,,,
Andalusien,,,,,,
Mallorca,,,,,,
Hitze,,,,,,
Spaniens,,,,,,
Kaliforniens,,,,,,
Sumatra,,,,,,
US-Bundesstaat Kalifornien,,,,,,
Bayerns,,,,,,
Athen,,,,,,
Dauereinsatz,,,,,,
Italiens,,,,,,
Mecklenburg-Vorpommern,,,,,,
Stuttgart,,,,,,
Regen,,,,,,
Temperaturrekord,,,,,,
Außenwelt,,,,,,
Indien,,,,,,
“,,,,,,
Freistaat,,,,,,
Glatteis,,,,,,
Anmarsch,,,,,,
Hitzewelle,,,,,,
Landstriche,,,,,,
Tunesien,,,,,,
Ulm,,,,,,
Temperaturen,,,,,,
Portugals,,,,,,
Iberischen Halbinsel,,,,,,
Österreich,,,,,,
Südostasien,,,,,,
Offenbach,,,,,,
Rhein,,,,,,
Griechenlands,,,,,,
Niedersachsens,,,,,,
Stromausfälle,,,,,,
Gazastreifen,,,,,,
Überflutungen,,,,,,
Brasiliens,,,,,,
Thüringens,,,,,,
Schwarzwald,,,,,,
England,,,,,,
Reutlingen,,,,,,
A9,,,,,,
Dresden,,,,,,
Gewittern,,,,,,
US-Bundesstaat,,,,,,
Baden-Württembergs,,,,,,
Asiens,,,,,,
lsw,,,,,,
Kanarischen Inseln,,,,,,
Südfrankreich,,,,,,
Südspanien,,,,,,
Unfälle,,,,,,
Alpen,,,,,,
Bremen,,,,,,
Bergen,,,,,,
Nordrhein-Westfalens,,,,,,
Europa,,,,,,
Bad Lobenstein,,,,,,
Einsätzen,,,,,,
Schleswig-Holstein,,,,,,
Warnungen,,,,,,
Irak,,,,,,
Donau,,,,,,
Safi,,,,,,
Zentraljava,,,,,,
sn,,,,,,
Zentrum,,,,,,
Malaysia,,,,,,
Leipzig,,,,,,
Formentera,,,,,,
Terni…,,,,,,
Wäldern,,,,,,
Sturm,,,,,,
Korsika,,,,,,
Mittelmeer,,,,,,
Saharastaub,,,,,,
Leeds,,,,,,
Tirol,,,,,,
Österreichs,,,,,,
Umbrien,,,,,,
Cottbus,,,,,,
Eifel,,,,,,
Kanadas,,,,,,
Küste,,,,,,
Franken,,,,,,
Leonardo,,,,,,
Tübingen,,,,,,
China,,,,,,
Harz,,,,,,
Halle,,,,,,
Guangxi,,,,,,
Stadt,,,,,,
Dubai,,,,,,
Kenias,,,,,,
Steiermark,,,,,,
Iberische Halbinsel,,,,,,
La Palma,,,,,,
sintflutartiger,,,,,,
Greding,,,,,,
Vereinigten Arabischen Emiraten,,,,,,
Temperatursturz,,,,,,
Asien,,,,,,
A 48,,,,,,
Waldbrand,,,,,,
Mittwochabend,,,,,,
Israel,,,,,,
Rekordhitze,,,,,,
Kittsee,,,,,,
Kreta,,,,,,
Nordsee,,,,,,
Potsdam,,,,,,
Magdeburg,,,,,,
Landesteilen,,,,,,
lrs,,,,,,
Balearen,,,,,,
Regenfälle,,,,,,
Bode,,,,,,
nan,,,,,,
Ilse,,,,,,
MV,,,,,,
Meteorologen,,,,,,
Norddeutschlands,,,,,,
Flüssen,,,,,,
Elbe,,,,,,
Mexikos,,,,,,
Regenjacke,,,,,,
Triest,,,,,,
Flughafen,,,,,,
Tornados,,,,,,
Jena,,,,,,
Neuseeland,,,,,,
Windböen,,,,,,
Gewässern,,,,,,
Indiens,,,,,,
Wechselwetter,,,,,,
Marokkos,,,,,,
Mittelfranken,,,,,,
Landkreis Ludwigslust-Parchim,,,,,,
Landkreis Nordwestmecklenburg,,,,,,
Argentinien,,,,,,
Mittelmeerraum,,,,,,
Afrikas,,,,,,
Korfu,,,,,,
Tauwetter,,,,,,
Risiko,,,,,,
Mittwoch,,,,,,
Neiße,,,,,,
Sturmböen“,,,,,,
Blitze,,,,,,
Hangrutsch,,,,,,
El Hierro,,,,,,
Schlammlawinen,,,,,,
Fango,,,,,,
Singen,,,,,,
Schongau,,,,,,
d…,,,,,,
Wetterchaos,,,,,,
Köln,,,,,,
Bäume,,,,,,
Südbayern,,,,,,
Stephanie,,,,,,
Schweinfurt,,,,,,
Regenmassen,,,,,,
Unwetter…,,,,,,
La Gomera,,,,,,
A24,,,,,,
Nairobi,,,,,,
Prignitz,,,,,,
Pakistan,,,,,,
Russland,,,,,,
Miami,,,,,,
Innsbruck,,,,,,
Hitzewellen,,,,,,
Feldberg,,,,,,
Istanbul,,,,,,
Big Island,,,,,,
Elster,,,,,,
Kaffeemaschine,,,,,,
Indiana,,,,,,
Gaza,,,,,,
Millionenhöhe,,,,,,
Australiens,,,,,,
Verkehrsbehinderungen,,,,,,
Südkaliforniens,,,,,,
Valencia,,,,,,
Hue,,,,,,
Chile,,,,,,
Málaga,,,,,,
Texas,,,,,,
Insel Oahu,,,,,,
Sachsens,,,,,,
Kanada,,,,,,
Karibik,,,,,,
Mecklenburg-Vorpommerns,,,,,,
Bayerns Alpen,,,,,,
Föhr,,,,,,
Jamaika,,,,,,
Oberpfalz,,,,,,
Berlins,,,,,,
Nordseeküste,,,,,,
Hitzephasen,,,,,,
Umständen,,,,,,
Nordthüringen,,,,,,
NRW Regen,,,,,,
Frankfurt,,,,,,
Lesachtal,,,,,,
Ostdeutschlands,,,,,,
Waymo,,,,,,
Bodenseegürtelbahn,,,,,,
Hagelsturm,,,,,,
Krisenmodus,,,,,,
Jakarta,,,,,,
Hohe Temperaturen locken,,,,,,
Behinderungen,,,,,,
Kreis Prignitz,,,,,,
Lindwurmstraße,,,,,,
Endkunden,,,,,,
Saale-Orla-Kreis,,,,,,
Elementarschäden,,,,,,
Autobahn 9,,,,,,
Südchina,,,,,,
Sturmflut,,,,,,
Ecuador,,,,,,
Schladming,,,,,,
Wetterexperten Sturmböen,,,,,,
Zeltlagern,,,,,,
Unterfranken,,,,,,
Oberbayern,,,,,,
Küsten,,,,,,
Chongqing,,,,,,
Siegerland,,,,,,
Wärmesturm,,,,,,
TTS-Player,,,,,,
Murcia,,,,,,
Klimawandel,,,,,,
weiterlesenEin,,,,,,
Wedding,,,,,,
Bodensee,,,,,,
Humboldthain,,,,,,
Frankreichs,,,,,,
Hauptstadttrubel,,,,,,
Cebu City,,,,,,
Mexiko-Stadt,,,,,,
Wien,,,,,,
Gondo,,,,,,
Cornwall,,,,,,
Auswanderin,,,,,,
Hohen Venn,,,,,,
Salamis,,,,,,
Arabica-Plantagen,,,,,,
Minas Gera…,,,,,,
Illora,,,,,,
Kaffee-Anbauland,,,,,,
Unwettern,,,,,,
Australien,,,,,,
Zentrum Australiens,,,,,,
Os…,,,,,,
Adriaküste,,,,,,
Nürnberg,,,,,,
Radolfzell,,,,,,
Chinas,,,,,,
Philadelphia,,,,,,
Europas,,,,,,
schwülwarmer,,,,,,
Autobahn 48,,,,,,
Äckern,,,,,,
Wetterbericht,,,,,,
Brazzano di Cormons,,,,,,
Simbach am Inn,,,,,,
Münster,,,,,,
Erdrutsch,,,,,,
Bayerischen Wald,,,,,,
Jamel,,,,,,
Mosel,,,,,,
Saar,,,,,,
Westmecklenburg,,,,,,
Göttingen,,,,,,
Rostock,,,,,,
Orlando,,,,,,
A20,,,,,,
Oberösterreich,,,,,,
Riedlingen,,,,,,
Milliardenhöhe,,,,,,
Privacy Center,,,,,,
Saarbrücken,,,,,,
Schwarzmeerküste,,,,,,
Brasília,,,,,,
Bergland,,,,,,
Urlaubsregion,,,,,,
Schwerin,,,,,,
Wasserreserven,,,,,,
Kreuz Schwerin,,,,,,
Mittelmeer-Länder,,,,,,
Milliardenschaden,,,,,,
Mount Maunganui,,,,,,
Schwaben,,,,,,
Wassernotstand,,,,,,
Englands,,,,,,
Bohlingen,,,,,,
Erdrutschen,,,,,,
Neuss,,,,,,
A36,,,,,,
knöcheltief,,,,,,
Brand,,,,,,
Katzenelnbogen,,,,,,
Review/Fotos,,,,,,
Simbabwe,,,,,,
Erdrutsch-Gefahr,,,,,,
Konstanz,,,,,,
Hansestadt,,,,,,
Mosambik,,,,,,
St…,,,,,,
Blitzschlag,,,,,,
Saudi-Arabien,,,,,,
Afrika,,,,,,
Emirates,,,,,,
Waldbränden,,,,,,
Naturkatastrophe,,,,,,
US-Bundesstaats Kalifornien,,,,,,
Südafrika,,,,,,
Nova Rock,,,,,,
Insel-Hauptstadt,,,,,,
Zentrum von Vietnam,,,,,,
Katalonien,,,,,,
Dienstag,,,,,,
Zyklon,,,,,,
Tal,,,,,,
Erzgebirge,,,,,,
Festlands,,,,,,
M…,,,,,,
Fährausfälle,,,,,,
Tarragona,,,,,,
Südspaniens,,,,,,
Nha Trang,,,,,,
Vogelsberg,,,,,,
Rhön,,,,,,
Portugiesen,,,,,,
Genua,,,,,,
flutartiger Regen,,,,,,
Missouri,,,,,,
Norwegen,,,,,,
Ostsee,,,,,,
Gemeinde,,,,,,
Qinzhou,,,,,,
Uluru,,,,,,
Atlantik,,,,,,
Müllproblem,,,,,,
Nordhausen,,,,,,
Flutsaison Wohngebiete,,,,,,
noc…,,,,,,
Heftiger Regen,,,,,,
Zentrum des Landes,,,,,,
East Rutherford,,,,,,
Schneefallgrenze,,,,,,
Rostocker Zoo,,,,,,
Südostasiens,,,,,,
Schlammmassen,,,,,,
Haiti,,,,,,
Dominikanischen Republik,,,,,,
Straße in NRW,,,,,,
Le…,,,,,,
Glatteisgefahr,,,,,,
Niederösterreich,,,,,,
Graz,,,,,,
Blitzeis,,,,,,
Niederbayern,,,,,,
Äquatorialguinea,,,,,,
Schneeflocken,,,,,,
Flughafen BER,,,,,,
Wochenmitte,,,,,,
São Paulo,,,,,,
Saale,,,,,,
Schnee,,,,,,
Tierpark,,,,,,
gefrierender Regen,,,,,,
Industrienationen,,,,,,
Nässe,,,,,,
Glatteis-Gefahr,,,,,,
Weststeiermark,,,,,,
Schauern,,,,,,
Ausfälle,,,,,,
Südhälfte Deutschlands,,,,,,
Landkreis Wittenberg,,,,,,
aufgeblitzt,,,,,,
Thessaloniki,,,,,,
Bächen,,,,,,
Kärnten,,,,,,
Grundwasserstände,,,,,,
Bata,,,,,,
Schneeschmelze,,,,,,
Berlin-Brandenburg,,,,,,
Null-Grad-Grenzen,,,,,,
Düsseldorf,,,,,,
Albufeira,,,,,,
Gefrierender Regen,,,,,,
FDP-Chef,,,,,,
Marbella,,,,,,
Distanzunterricht,,,,,,
Heubach,,,,,,
Kreis Wittenberg,,,,,,
Regenschauer,,,,,,
Winter-Spaß,,,,,,
Montagfrüh,,,,,,
Winters,,,,,,
Surfern,,,,,,
Stadt München,,,,,,
Gl…,,,,,,
Bundeslands,,,,,,
Präsenzunterricht,,,,,,
Dortmund,,,,,,
lnw,,,,,,
Berliner Flughafen,,,,,,
Hamburgs,,,,,,
Sachsen-Anhalts,,,,,,
Vancouver,,,,,,
Thüringer Skigebiete,,,,,,
Winterwetter,,,,,,
Jamaik…,,,,,,
Passau,,,,,,
Norditalien,,,,,,
Südtirol,,,,,,
Kreis Waldshut,,,,,,
Meran …,,,,,,
Lottstetten,,,,,,
Bundesstraße 27,,,,,,
Landkreis Fulda,,,,,,
Rosenheim,,,,,,
Oberfranken,,,,,,
Unwetter-Folgen,,,,,,
Schlimmste,,,,,,
Stürmische Böen,,,,,,
Regensburg,,,,,,
Orkan-Böen,,,,,,
Bundesrepublik,,,,,,
Azteken-Stadion,,,,,,
Kreis Bergstraße,,,,,,
Unwetter-Walze,,,,,,
Oberhaus,,,,,,
Bewohner,,,,,,
Neudorf bei Landsee,,,,,,
Wirbelsturm,,,,,,
Dürrenbachs,,,,,,
Konzert,,,,,,
Bezirk Oberpullendorf,,,,,,
Cuxhaven,,,,,,
Hengzhou,,,,,,
Leipz…,,,,,,
US-Bundesstaat Missouri,,,,,,
Westeuropa,,,,,,
Ahrtal-Katastrophe,,,,,,
Eigenheim,,,,,,
Stade,,,,,,
Böen fegen,,,,,,
Harburg,,,,,,
Diepholz,,,,,,
Verden un,,,,,,
Joshua,,,,,,
Offenbach am Main,,,,,,
Biergarten,,,,,,
Liulan-Stausee,,,,,,
US-Hauptstadt,,,,,,
Oberwart,,,,,,
Straßenmeistereien,,,,,,
Oberpullendorf,,,,,,
Neudorf,,,,,,
Landsee,,,,,,
Odessa,,,,,,
Stresstest,,,,,,
Landesstraßen,,,,,,
Verkehrsministerium,,,,,,
Trump-Rede,,,,,,
Olympiastadion,,,,,,
Berliner Olympiastadion,,,,,,
Weltwetterorganisation WMO,,,,,,
Landkreis Bergstraße,,,,,,
US-Präsident,,,,,,
Gewitter-Chaos,,,,,,
Schlammlawine,,,,,,
Kolumbusplatz,,,,,,
Flugausfälle,,,,,,
Italiener,,,,,,
Exoplanet WASP-121b,,,,,,
Extremgewitter,,,,,,
Kanaren,,,,,,
Mönchengladbach,,,,,,
Düssel,,,,,,
Puerto de la Cruz,,,,,,
Südchinesischen Meer,,,,,,
Wetter-App,,,,,,
Kalmaegi,,,,,,
Baden-Württemberg w,,,,,,
Pazifik,,,,,,
Stadt Cottbus,,,,,,
Semmering-Wechsel,,,,,,
Mürzzuschlag,,,,,,
Schneeberg,,,,,,
Al…,,,,,,
Hitzegewitter mit Starkregen,,,,,,
Extremwetter,,,,,,
Klimakrise,,,,,,
Urlaubsort,,,,,,
Stuttgart/Heidenheim,,,,,,
Hagel,,,,,,
Elementarschutz,,,,,,
Wartezeiten,,,,,,
Blitzen,,,,,,
Stadtverwalt…,,,,,,
Fachschulen Hatzendorf,,,,,,
Ligurien,,,,,,
Universität Graz,,,,,,
Algarve,,,,,,
Ahrtal,,,,,,
Theaterfestivals,,,,,,
Wetterkapriolen,,,,,,
Supertaifun „Fung-Wong,,,,,,
Hochwechsel,,,,,,
krachen,,,,,,
Ukraine,,,,,,
Senegal,,,,,,
Frankreich-Spiel,,,,,,
Hitzerekord,,,,,,
Pegeln,,,,,,
Wirbelsturm i…,,,,,,
Rhein-Main-Gebiet,,,,,,
Gepäck,,,,,,
Tirols,,,,,,
Sonntagmittag,,,,,,
Sonntag,,,,,,
Hitze-News,,,,,,
Schweiz,,,,,,
lhe,,,,,,
Wochenendpläne,,,,,,
Niedersachs…,,,,,,
Hennadiy Truchanov,,,,,,
Münchner Eisbach,,,,,,
New Yorks,,,,,,
Alarmstufe Rot,,,,,,
Norwegen-Senegal,,,,,,
Hauptstadt,,,,,,
Unwetterwarnungen,,,,,,
Brandenburger,,,,,,
Äste,,,,,,
Steffi-Graf-Stadion,,,,,,
Fünf Tote,,,,,,
Karin,,,,,,
Niederschlagsmengen,,,,,,
Vorschau,,,,,,
Münchens,,,,,,
Kaltfront,,,,,,
Newsblog,,,,,,
Absage,,,,,,
Eisbach von,,,,,,
Eisbach,,,,,,
Badesee,,,,,,
W…,,,,,,
Abpfiff,,,,,,
Balearen-Inseln,,,,,,
den USA,,,,,,
Lappland,,,,,,
Tiroler Brennerstraße,,,,,,
Matrei am Brenner,,,,,,
Bezirk Innsbruck-Land,,,,,,
Feuerinferno,,,,,,
Nationalpark Sarek,,,,,,
Neubrück,,,,,,
Baltschieder,,,,,,
Essen,,,,,,
Gewitter …,,,,,,
Tessin,,,,,,
Rheins,,,,,,
Ibiza-Stadt,,,,,,
La Marina,,,,,,
Hawaiis,,,,,,
Sonntag Gewitter,,,,,,
Tropensturm Lala,,,,,,
Íllora,,,,,,
hochsommerlich,,,,,,
Pflanzenwelt,,,,,,
b…,,,,,,
Indischen Ozean,,,,,,
Land zuströmen,,,,,,
Manila,,,,,,
Unrat,,,,,,
Andalusiens,,,,,,
Manilas,,,,,,
Darmstadt,,,,,,
Plastiktonne,,,,,,
Mat…,,,,,,
Umschwu…,,,,,,
Tropensturm «Lala,,,,,,
Walliser,,,,,,
Donnerstagnachmittag,,,,,,
Polizeiangaben,,,,,,
Bezirk Neusiedl am See,,,,,,
Tierpark Animalia,,,,,,
der Schweiz,,,,,,
Rettung,,,,,,
Ostfriesland,,,,,,
Stadtteile,,,,,,
Nordwestmecklenburg,,,,,,
Dornbirn,,,,,,
Stadt Dornbirn,,,,,,
Bürgerwillen,,,,,,
Santa Eulària,,,,,,
Santa Eulària des Riu,,,,,,
KonzertenDer,,,,,,
Jesús,,,,,,
Muttergottes,,,,,,
Neuschnee,,,,,,
Xicotepec,,,,,,
Ibizia,,,,,,
Tief Alice,,,,,,
Palma,,,,,,
e…,,,,,,
Autobahn …,,,,,,
Polizeipräsidien,,,,,,
Nass,,,,,,
Ur…,,,,,,
Jacke,,,,,,
Mittelmeerküste,,,,,,
Alicante,,,,,,
Berliner Wein,,,,,,
Katastrophengebiete,,,,,,
Sturmtief Alice,,,,,,
Katastrophen-Alarm,,,,,,
Regierungsbezirk Schwaben,,,,,,
Britischen Inseln,,,,,,
Städten,,,,,,
Bad…,,,,,,
Bad Gastein,,,,,,
Abendstunden,,,,,,
Flusses Fango ert…,,,,,,
Autobahn 81,,,,,,
Hegau,,,,,,
Mittelmeerinsel,,,,,,
Landkreis Konstanz,,,,,,
Oberlausitz,,,,,,
chars,,,,,,
Wetterdienst,,,,,,
Galeria,,,,,,
Texas Hill,,,,,,
Kerrville,,,,,,
Auswirkungen,,,,,,
Freiburg,,,,,,
Baden-Würrtemberg,,,,,,
Autobahn 5,,,,,,
Grundwasser,,,,,,
Zentralmexiko,,,,,,
Rahmen</li><li>,,,,,,
Gewitterband,,,,,,
Unwetter-Risiko,,,,,,
Alarmbereitschaft,,,,,,
Hagelschaden,,,,,,
Westens,,,,,,
Nordens,,,,,,
Hitze-Liveblog,,,,,,
Paris,,,,,,
Land,,,,,,
Seine,,,,,,
schaut,,,,,,
Europapokal-Spiel,,,,,,
Unwetterwarnung Amoklauf,,,,,,
Welfen-Gymnasium,,,,,,
Mitschülers,,,,,,
Sachsen-Anahalt,,,,,,
B500,,,,,,
Baden-Baden,,,,,,
Helgoland,,,,,,
Startlöchern,,,,,,
Unwetter Rheinland-Pfalz,,,,,,
naht,,,,,,
Sturmböen…,,,,,,
sonnig,,,,,,
Höchsttemperaturen,,,,,,
Flut,,,,,,
Freibad,,,,,,
Sturmböen ei,,,,,,
Dürrejahr,,,,,,
Wasserpegel,,,,,,
Mais,,,,,,
Orange Unwetterwarnung für Unterland,,,,,,
Granada,,,,,,
steirischen Freibadbetreibern,,,,,,
Kilometerlanger Strand,,,,,,
Bundesstraßen,,,,,,
Wohn-,,,,,,
Schweden,,,,,,
Salzburgs,,,,,,
Fürth,,,,,,
Fürther,,,,,,
Braunsbach,,,,,,
Freitag Wassermassen,,,,,,
"Sturmtief ""Joshua",,,,,,
Schäden,,,,,,
Monsun-Regens,,,,,,
Sturmtief,,,,,,
Schwarzwalde…,,,,,,
Bonn,,,,,,
Saarbrücken/Kaiserslautern/Laumersheim,,,,,,
Mainz/Saarbrücken,,,,,,
Regenstürme bedrohen Los Angeles,,,,,,
Landkreis Aurich,,,,,,
Friaul,,,,,,
Kreis Steinfurt,,,,,,
lni,,,,,,
Harz schmilzt der Schnee,,,,,,
Ostwestfalen,,,,,,
Meyenburg,,,,,,
Stepenitz,,,,,,
Pegel Meyenburg,,,,,,
Pritzwalk,,,,,,
Ballungsgebiete,,,,,,
Warmfront,,,,,,
Verkehrsminister,,,,,,
FDP-Chef Höne,,,,,,
Chiemgauer,,,,,,
Berchtesgadener Alpen,,,,,,
Wetterwarnungen,,,,,,
Augsburg,,,,,,
Hildesheim,,,,,,
Oberläufen der Ilse,,,,,,
Lebenszeichen,,,,,,
Südwestfrankreich,,,,,,
Südschwarzwald,,,,,,
Hochwasser-Alarm,,,,,,
Wetter-Achterbahn,,,,,,
Hochwa…,,,,,,
Nordbayern,,,,,,
Waren,,,,,,
Tarn-et-Garonne,,,,,,
Müllmassen,,,,,,
Apulien,,,,,,
Extremwetter-Schutz,,,,,,
Neujahrsempfang,,,,,,
Bordeaux,,,,,,
Garonne,,,,,,
Schulministerin,,,,,,
Ubá,,,,,,
Paraibuna,,,,,,
Südamerika,,,,,,
Samstagmorgen,,,,,,
Kachelmann,,,,,,
Landkreis Hildburghausen,,,,,,
Masserberg,,,,,,
Thüringer,,,,,,
Wahiawa-Damm,,,,,,
US-Städte,,,,,,
Norddeutschland,,,,,,
Bodensees,,,,,,
Uckermark,,,,,,
Schaufel,,,,,,
Un…,,,,,,
North Shore,,,,,,
Landkreis Harburg,,,,,,
Wildpark Schwarze Berge,,,,,,
Schneesturm,,,,,,
Nordschwarzwald,,,,,,
Peru,,,,,,
Trockenperioden,,,,,,
Science-Fiction-Soldaten,,,,,,
Venus,,,,,,
Cardinham,,,,,,
feuchtglänzenden,,,,,,
Juiz de Fora,,,,,,
Regenwald,,,,,,
Alb,,,,,,
Sturmtief «Elli,,,,,,
Hauptstrecken,,,,,,
Sturmtief Elli,,,,,,
Kaffeemaschine sp,,,,,,
Unwetterdrama in Brasilien - Starkregen,,,,,,
Bergischen Land,,,,,,
Sauerland,,,,,,
Überschwemmungsgefahr,,,,,,
Müritz,,,,,,
Präsenzpflicht,,,,,,
Sturm-Chaos,,,,,,
Notunterkünfte,,,,,,
BVG,,,,,,
Donnerstag,,,,,,
Nordinsel,,,,,,
Sonnenschein,,,,,,
VISIONS.de,,,,,,
Starkregen-Rätsel,,,,,,
Mittelmeerinseln,,,,,,
Staus,,,,,,
Schulausfälle,,,,,,
Südafrik…,,,,,,
iberische Halbinsel,,,,,,
Spanien…,,,,,,
Unwetterkatastrophe,,,,,,
Neuseelands,,,,,,
Kristin,,,,,,
Por…,,,,,,
Eisregen,,,,,,
Wittenberg,,,,,,
sa,,,,,,
Landkreis Wittenber…,,,,,,
Halle (Saale,,,,,,
Münsterland,,,,,,
Tief,,,,,,
Berli,,,,,,
Berglagen,,,,,,
Emsland,,,,,,
Sizilien,,,,,,
Sachschaden,,,,,,
sa…,,,,,,
Duisburg,,,,,,
Urlaubsländern,,,,,,
Gebiet,,,,,,
dag…,,,,,,
Fasnet-Fans,,,,,,
Nachbarn,,,,,,
Regenpause,,,,,,
Innenministerium,,,,,,
Rabat,,,,,,
Ortschaften,,,,,,
IbizaHEUTE,,,,,,
Grundstücke,,,,,,
Geisingen,,,,,,
Ausnahmezustand,,,,,,
Kreis Tuttlingen,,,,,,
Hochwasse…,,,,,,
La…,,,,,,
amtliche W,,,,,,
Halle Halle,,,,,,
Borkenkäfer,,,,,,
Milliarden-SchädenSpanien,,,,,,
Sachsen am Morgen,,,,,,
Mainz/Kassel,,,,,,
Lissabon,,,,,,
Wassermassen,,,,,,
Alcácer do Sal,,,,,,
Ostseeküste,,,,,,
gefrierenden Regen,,,,,,
Brandenbu…,,,,,,
Glätte-Warnung,,,,,,
Unfällen,,,,,,
Glatteis-Risiko,,,,,,
Ostsachsen,,,,,,
Kreis Rostock bi…,,,,,,
Schneegriesel,,,,,,
Schneeregen,,,,,,
Offenbach/Berlin,,,,,,
D…,,,,,,
Fehlalarm,,,,,,
Halle/Magdeburg,,,,,,
Graupelschauer,,,,,,
A93,,,,,,
Kärntner,,,,,,
Maxhütte-Haidhof,,,,,,
Wetterkarten,,,,,,
Türkei,,,,,,
Flutwelle,,,,,,
Autobahn 93,,,,,,
Uttar Pradesh,,,,,,
Provinz Songkhla,,,,,,
Würzburg,,,,,,
Provinz Đắk Lắk,,,,,,
Insel Korfu,,,,,,
Hagenow,,,,,,
Ferieninsel Korfu,,,,,,
Dak Lak,,,,,,
Südthailand,,,,,,
San Antonio,,,,,,
Wetterexperten,,,,,,
Thailands,,,,,,
Insel Sumatra,,,,,,
Hochwasserkatastrophe,,,,,,
Obdach,,,,,,
Voitsberg,,,,,,
Tagen,,,,,,
Behördenangaben,,,,,,
Landesamt für Umwelt- und Arbeitsschutz Saarland,,,,,,
Bezirk Neunkirchen,,,,,,
Malaysias,,,,,,
Eivissas Altstadt,,,,,,
Sant Josep,,,,,,
Indonesiens,,,,,,
Kindertagesstätten,,,,,,
Niederösterreichs,,,,,,
Regenwand r…,,,,,,
Bad Bleiberg,,,,,,
Helfenberg,,,,,,
Friaul-Julisch Venetien,,,,,,
Stadtgeb…,,,,,,
Kreis Aurich,,,,,,
Großefehn,,,,,,
Wiesmoor,,,,,,
Aurich,,,,,,
Haus“,,,,,,
Corm…,,,,,,
Wörthersee,,,,,,
Gewitterfront,,,,,,
gewittern,,,,,,
Gorizia,,,,,,
Hauseinstürzen,,,,,,
Wetterwechsel,,,,,,
Wolkendecke brec…,,,,,,
Klagenfurt,,,,,,
Völkermarkt,,,,,,
Bezirk Hermagor,,,,,,
Haus von Schlammmassen,,,,,,
Regen-Front,,,,,,
Ehrengast Bulgarien,,,,,,
Messegelände,,,,,,
Waldbrandgefahr,,,,,,
Grundwasserreserven,,,,,,
Brazzan…,,,,,,
Autobahn 20,,,,,,
Klagenfurter Becken,,,,,,
Unfallwagens,,,,,,
Autobahnen,,,,,,
Simbach,,,,,,
Kommunen,,,,,,
Brazzano,,,,,,
Cormons,,,,,,
Bezirk Rohrbach,,,,,,
Opferbilanz,,,,,,
Leichenwagen,,,,,,
Stadt Glendales,,,,,,
Bologna,,,,,,
Illustrators Café,,,,,,
New York,,,,,,
Erfurt,,,,,,
Berlin/Potsdam,,,,,,
Weihnachts-Unwettern,,,,,,
Wintersturm,,,,,,
Sturmes,,,,,,
Altadena,,,,,,
Weihnachtssturms,,,,,,
US-Westküste,,,,,,
Österreich-Mittel,,,,,,
Bezirks OrangeCounty,,,,,,
"Orange
County",,,,,,
Ostküstenmetropole New York,,,,,,
Soekarno-Hatta,,,,,,
Trends,,,,,,
Fahrbahnen,,,,,,
F…,,,,,,
Regen-Dauerschleife,,,,,,
Wilhelmshaven,,,,,,
Kassel/Frankfurt/Darmstadt,,,,,,
Abendstunden Sturmböen,,,,,,
Winter-Sturm,,,,,,
Sechs-Meter-Wellen,,,,,,
internationalen Flughafen,,,,,,
CHP Antelope Valley Area Of…,,,,,,
Reuters,,,,,,
Nea Makri,,,,,,
Starkregen TTS-Player,,,,,,
Vigili del Fuoco04.04.2026,,,,,,
Portal Flightaware,,,,,,
Hérault,,,,,,
Erdäpfeln,,,,,,
Fischsterben,,,,,,
Rafah,,,,,,
British Columbia,,,,,,
US-Nordwesten,,,,,,
Kha…,,,,,,
Kaifenheim,,,,,,
windig-kühl,,,,,,
Schirme,,,,,,
Byron,,,,,,
Risikogebieten,,,,,,
Mittleren Unstrut,,,,,,
Bangkok,,,,,,
Mittlere Unstrut,,,,,,
Wiesen,,,,,,
Bedrängnis,,,,,,
Opferb…,,,,,,
Notunterkünften,,,,,,
Krankenhäuser,,,,,,
Landwirtschaftskammer Burgenland,,,,,,
NRW…,,,,,,
Département,,,,,,
Burj Khalifa,,,,,,
Vereinigte Arabische Emirate,,,,,,
Wetter,,,,,,
Sommerstart,,,,,,
Provinz Safi,,,,,,
marokkanischen Küste,,,,,,
Landes Niederöste…,,,,,,
Altstadt,,,,,,
Greenpeace,,,,,,
Leobendorf,,,,,,
Bezirk Korneuburg,,,,,,
Wiener Becken,,,,,,
Wiener Neustadt,,,,,,
Nordwest…,,,,,,
