day,sentiment_mean,sentiment_std,subjectivity_mean,subjectivity_std,counting
2025-10-06,-0.1867109887307048,0.429099897297353,0.06750906422616554,1.167230654529567,4.0
2025-10-09,2.1492397151694393,1.0,-0.31622776601683794,1.0,1.0
2025-10-11,0.19863797759554488,0.29569307174959925,0.9750884941129339,2.0301931024415856,5.0
2025-10-12,-0.026174529089593248,0.3331315580139486,0.9995774434605909,1.8284949432821482,8.0
2025-10-13,-0.664169275268078,0.9175070654686595,0.648266368970515,1.124917972881512,8.0
2025-10-14,0.8696827303262107,1.0,1.3456772559291332,1.0,1.0
2025-10-15,-1.6201851746019653,1.0,-0.5379438275915392,1.0,1.0
2025-10-16,-1.015450204292232,1.0,5.484412679391613,1.0,1.0
2025-10-17,3.054493336599564,1.0,-0.42913044266354233,1.0,1.0
2025-10-19,0.7453322657496129,1.0,-0.005595602720548348,1.0,1.0
2025-10-20,0.9528376180596516,1.0,-0.42913044266354233,1.0,1.0
2025-10-21,1.0949227261116579,0.6150959689116773,-0.6866601823473766,0.09885322941014027,3.0
2025-10-22,-0.5343541590492223,0.6015650161896058,-0.39760226871407595,0.06305634789893282,4.0
2025-10-23,-0.18834196021616864,1.1778449126734942,0.003042810229463042,0.9437274282981104,18.0
2025-10-24,0.18657790970021024,0.6776139489768147,0.2813963678245476,1.4305783515460504,11.0
2025-10-25,-0.890096419228132,0.8041855425812121,-0.4336684111900577,0.09679220914710171,4.0
2025-10-26,2.4017720709000896,1.0,-0.5046872647307448,1.0,1.0
2025-10-27,1.0829723688872728,1.0,-0.6569086487554996,1.0,1.0
2025-10-28,-0.25774203299860204,0.998864511555352,-0.1343962786475771,0.5833031658109281,7.0
2025-11-03,-0.2422608720099369,0.14543792318312077,-0.5454514854797933,0.16450279634012352,2.0
2025-11-04,0.45614102042451304,1.6256205447017282,0.046533551633312534,1.0809017664359433,7.0
2025-11-06,-2.1732811030660244,1.0,-0.42913044266354233,1.0,1.0
2025-11-07,-1.3396162013014796,1.0,-0.9819966041741007,1.0,1.0
2025-11-08,-0.34905104848743423,1.1715375397924361,0.14471420238658353,0.6890244722820407,7.0
2025-11-09,0.19044715820827088,0.6326900899167817,0.0668197174434788,1.2384216481297174,9.0
2025-11-10,-0.08647400432632188,1.0,0.6861993697930066,1.0,1.0
2025-11-12,-0.5806285360209295,1.0,-0.42913044266354233,1.0,1.0
2025-11-13,-0.24021183424357806,1.6872267160290204,-0.3365561988549706,0.13091975112051565,2.0
2025-11-15,-0.15519650423009204,0.9095243046728545,-0.29395922345032244,0.44965485381270753,8.0
2025-11-16,-0.7067959306951401,0.2886115176977229,-0.4400679448532876,0.09975397306120282,4.0
2025-11-17,-0.9920070935574007,0.951436869965827,-0.4643156021889812,0.1450387003140745,3.0
2025-11-18,-0.1495598525444288,1.7016868592652388,-0.5056241258522535,0.15251092713862271,6.0
2025-11-20,0.13929346894742756,0.2237132273568474,1.5243746619993328,2.7626734131793107,2.0
2025-11-21,-0.1220161361598884,0.5810285715551274,0.8428602226967856,0.6352399775539337,2.0
2025-11-22,0.7253583996221385,1.1053120229954525,1.4022574815046238,1.6380389845251762,7.0
2025-11-23,-0.6954195923317839,0.5822257433437631,-0.32156596620656713,0.3634207406413662,5.0
2025-11-24,-1.1946330876015114,0.18231523641697872,0.14079750959101067,0.74078358178972,4.0
2025-11-25,-0.12878764964680506,1.0,-0.47061943485891794,1.0,1.0
2025-11-28,0.5638037333510032,0.882774276308702,-0.24430870175743427,0.8672537962754798,5.0
2025-11-29,0.1418543669507359,0.7788673637136077,0.748829225535099,1.4146792615669055,4.0
2025-11-30,-0.25827360183538356,0.40713626475303016,2.6415189589906403,2.093803798526381,9.0
2025-12-01,-0.32683769321725553,0.1430680019463788,1.3090299418397997,1.1768271643854922,4.0
2025-12-03,0.21471978590312024,0.05109259990912068,1.710397497190417,2.497406151959462,3.0
2025-12-04,-0.07715167498104596,1.0,-0.5379438275915392,1.0,1.0
2025-12-05,0.32506234502003073,1.6803553208515363,0.18392547413258759,0.45436744543998653,4.0
2025-12-07,-0.7105239325184749,1.1379052297346413,-0.3660740947646095,0.08917514239238697,2.0
2025-12-08,2.313423334771531,1.431539637007653,-0.10560674747622616,0.2791813126981878,2.0
2025-12-10,0.6845640702238203,1.4343168343630377,0.5695546890968992,1.2794147153087332,4.0
2025-12-11,0.08978706356407871,1.0,2.1741840007118602,1.0,1.0
2025-12-12,-0.2784795458974042,0.5632271188498116,0.971714206179468,0.9294822281363739,9.0
2025-12-13,-1.4606199689923913,0.3524801278824804,-0.16014487512916886,0.6306752281652466,2.0
2025-12-15,0.5716868067083163,0.6789817527228592,-0.5852112619662319,0.3536969568681751,3.0
2025-12-16,-0.07715167498104596,1.0,-0.5379438275915392,1.0,1.0
2025-12-19,0.4280514231076305,1.1430371182246983,-0.42913044266354233,0.0,3.0
2025-12-23,0.6007477833909064,0.7271660256871624,-0.471596118802754,0.060055535131416586,2.0
2025-12-24,-0.1967567627740872,0.5800200526975332,-0.4877806488005277,0.14207310186597893,7.0
2025-12-25,-0.7985100171013908,1.1221177960906197,-0.6087278943032522,0.13078428787984706,5.0
2025-12-26,-0.11441197893735522,0.750175659804666,-0.5529242293038892,0.14861826877886988,4.0
2025-12-27,-1.011959571323572,0.9289255745297739,-0.05930395479614665,0.4147255220312693,3.0
2025-12-29,-0.10967059327297678,0.43920769435956214,-0.41540332815706155,0.1061895607468656,3.0
2025-12-30,-0.17708481126288178,1.0,-0.42913044266354233,1.0,1.0
2025-12-31,0.32873563371684805,0.5110249407639574,-0.7440493965097397,0.657702128017173,3.0
2026-01-01,-0.8067648745094947,1.0,-0.5046872647307448,1.0,1.0
2026-01-02,-0.32249416578650464,1.0700475133622591,-0.49169941932586725,0.05491595146884216,3.0
2026-01-04,-0.1544863626764311,1.0,-0.42913044266354233,1.0,1.0
2026-01-05,-0.7497084230444991,1.1416513307086815,-0.6271076425289025,0.17668791546508153,3.0
2026-01-08,0.24113125542426023,0.5379108459166374,-0.20328200270936994,0.4394214509059343,8.0
2026-01-09,0.458657727362857,0.8856183123222168,0.28443219619353644,1.003444854292763,14.0
2026-01-10,-0.4260936514829748,0.6755112039254396,0.48622394435717337,2.2474522080788626,6.0
2026-01-11,0.08548054470041175,1.5791896554747136,-0.16735334110040126,0.7716207373732663,10.0
2026-01-12,-0.10925525393734846,1.5039257458310167,-0.16447255323607798,1.1189522319742335,25.0
2026-01-13,-0.2189306751043057,0.5580976343491989,-0.3215003163442801,0.1758032419547766,7.0
2026-01-17,1.3818038163018276,0.7249765379608571,0.060164152184963376,0.6919670520306055,2.0
2026-01-18,-0.9177439911441136,1.0,3.275691963814786,1.0,1.0
2026-01-19,-1.4568734440733617,1.0238139335029028,0.434500165240281,1.0430078337933337,2.0
2026-01-21,0.27225744203890423,0.8337418006079379,-0.3619698755840631,0.2442900855537636,4.0
2026-01-22,-1.0671803388934629,0.5735941527467873,0.27779229280179696,1.0087270324752386,4.0
2026-01-23,-1.5460044411888159,2.7805762791138258,0.7502145364713192,1.489495379424362,2.0
2026-01-24,0.0871668378802225,1.60219819747406,-0.4358190173038044,0.18780935775397734,2.0
2026-01-25,0.14541729155807673,0.17258456747054512,-0.4191400974251119,0.2761711684499638,6.0
2026-01-26,-0.1826539574950772,0.6050482081466619,0.5173958509665946,1.0521265067878902,12.0
2026-01-27,-0.3062620090324374,0.5896591398873926,-0.471596118802754,0.060055535131416586,2.0
2026-01-28,1.8866427761407718,0.3093107372847588,0.6290835170882042,1.8186675620417163,2.0
2026-01-31,-0.5573938741339441,0.7112435198672105,0.3524353116685397,1.3537115959590613,3.0
2026-02-01,-0.099623099139535,1.0,-0.6834067739535389,1.0,1.0
2026-02-02,1.1004819247585558,0.5477212342272608,-0.41540332815706155,0.1061895607468656,3.0
2026-02-03,-0.33043469486997606,0.7002160985930611,0.06914421613374656,1.2873300722034888,12.0
2026-02-04,0.4753409035540839,0.8048715811306084,-0.43156592554922873,0.28670908748376445,11.0
2026-02-05,0.45722811826392373,0.8089206413454728,-0.37013853796278606,0.37869137264850977,20.0
2026-02-06,-0.6480596051484294,1.0571546119886661,0.07962320383383842,1.2500955567622196,18.0
2026-02-07,0.5305151640963957,0.22979190342529102,0.0657130652354267,1.0219414283912596,2.0
2026-02-08,0.2976933194679022,0.3819338508614441,0.0830393832330689,0.5194398485420434,6.0
2026-02-09,0.3656382917923112,1.0,-0.31622776601683794,1.0,1.0
2026-02-10,0.5440294858693357,0.7716149532799728,-0.4421853686580144,0.10246030191370348,4.0
2026-02-11,0.504890659479258,0.7794400938799245,0.023367985525384907,0.8809413004232096,7.0
2026-02-12,-0.8439634852213496,1.4889707616540553,-0.39760226871407595,0.0630563478989328,4.0
2026-02-13,-1.2920775244655271,0.7561715540487676,-0.471596118802754,0.060055535131416586,2.0
2026-02-15,-1.1946863655259925,2.1131976817265654,0.5644286294503037,1.3479701136793802,4.0
2026-02-18,0.3466354485882131,0.5169390670141325,1.19012497939011,2.130304482272452,2.0
2026-02-19,1.4048065897886648,1.0,-0.42913044266354233,1.0,1.0
2026-02-21,0.1740135434027874,0.1671941548524931,-0.41540332815706155,0.10618956074686559,3.0
2026-02-22,0.12584579058653717,0.9680119313274567,0.06917015984311504,0.6587732137482724,8.0
2026-02-23,0.019785929945541448,0.9777977475970553,-0.1660926878377922,0.660561311967597,5.0
2026-02-24,0.26028068477834737,1.1336980524318845,-0.12977601428100338,0.634361772672805,6.0
2026-02-25,0.5241060299971708,1.0007095780824555,0.23212340000059642,0.934655444639393,6.0
2026-02-26,-0.3710780217832637,0.8107370699695811,0.3514561933934999,1.0105283399762408,6.0
2026-03-03,-0.41587881973389557,0.9086965413092922,-0.21456522133177117,0.3034410460209757,2.0
2026-03-05,0.08656375557904268,1.0,3.477879766662208,1.0,1.0
2026-03-07,-0.013098826509828743,0.3917063660746233,-0.471596118802754,0.060055535131416586,2.0
2026-03-10,-0.08168600957634772,0.7599386302481518,0.08974376299006134,0.5554486540161188,2.0
2026-03-12,-0.16115076589317645,0.44115087870493336,1.3957138820066266,1.6335235145993872,6.0
2026-03-17,-1.189114234354699,1.4328939743272298,-0.4809704020819768,0.045463889087469816,3.0
2026-03-18,0.5511912836620871,1.699926895120576,1.171885135869425,1.2389511019110295,2.0
2026-03-19,0.39707666899904326,0.9036760419098732,1.1517363091928452,2.181353728518542,3.0
2026-03-20,0.7383266116115871,1.0,0.4555225812209911,1.0,1.0
2026-03-21,-0.9830127615540999,1.075151601378096,-0.173431100007354,0.4916499960920824,4.0
2026-03-22,-0.10623621714066334,1.8837171940330206,0.0768926118307307,0.8357357368020939,2.0
2026-03-23,-0.4994498683984164,0.4282472644482117,-0.044856064220369696,0.7244286374286312,5.0
2026-03-24,-0.7775317155737477,1.0,0.23640008180441066,1.0,1.0
2026-03-25,1.3055824196677337,1.0,1.0914103126634984,1.0,1.0
2026-03-26,0.6138608892628915,1.0,-0.42913044266354233,1.0,1.0
2026-03-28,0.6288610817189408,0.362294914145044,-0.4669088536971435,0.0534267412486242,2.0
2026-03-29,-0.7775317155737477,1.0,0.23640008180441066,1.0,1.0
2026-03-30,0.16745884751730303,0.3054055729361685,-0.059887535029150174,0.5340662235137692,3.0
2026-03-31,0.9151735370822337,1.0,-0.42913044266354233,1.0,1.0
2026-04-01,-0.5365047003978922,0.24493634665203654,1.1439198930877006,0.21401600976576127,2.0
2026-04-02,0.19150970102682277,0.8810620177145926,-0.23862701771004308,0.7151659707124056,8.0
2026-04-04,0.6312074760246785,1.0,0.6182689747921972,1.0,1.0
2026-04-06,0.41449589855990193,1.0,-0.7118564261076633,1.0,1.0
2026-04-09,0.8696827303262107,1.0,1.3456772559291332,1.0,1.0
2026-04-13,0.9872739496986764,1.0,1.1056906152411472,1.0,1.0
2026-04-14,0.6822552740054852,1.0,1.7397348645916417,1.0,1.0
2026-04-15,-0.7589067702935519,0.4354393922363951,0.46496106431867373,1.3642635859612784,2.0
2026-04-18,-0.17708481126288178,1.0,-0.42913044266354233,1.0,1.0
2026-04-19,-0.3575352509107649,0.9011802925233703,-0.43930173610949835,0.10805695333051411,5.0
2026-04-20,0.23483168312142685,1.1242287550677994,-0.1733677262307107,0.7273170293399346,6.0
2026-04-21,1.9906902085050222,0.7541535284723548,-0.4795016573750106,0.043622751559612004,3.0
2026-04-23,0.0,1.0,0.0,1.0,1.0
2026-04-24,0.7819966575656647,0.8262227903010799,0.23281990621663134,1.053751711832018,4.0
2026-04-28,0.04669166971008147,0.3363587423086251,-0.41883510678368174,0.08697465316157736,4.0
2026-04-30,-0.19425258046168395,0.7504673338621852,0.11335796060761172,0.9456474013710258,6.0
2026-05-01,-0.49373687983538916,1.0,-0.5046872647307448,1.0,1.0
2026-05-03,0.5238590074976618,1.0,-0.6060996056911878,1.0,1.0
2026-05-04,-0.18911676444522593,1.9252659716689862,-0.3131377700382785,0.2690052914890128,3.0
2026-05-05,-0.07465687926556017,0.6166222729091778,0.06648411120332198,0.7703592599845165,19.0
2026-05-06,0.07147307696492614,0.7553199784163809,-0.3702292543884168,0.1702748899328495,9.0
2026-05-07,-0.10248521052592778,0.9750303989717816,0.8208842642081772,2.5275683480307922,10.0
2026-05-08,-0.42414914370031603,1.0,-0.6546536707079772,1.0,1.0
2026-05-09,-0.13258911969557974,1.0,-0.30301774686567673,1.0,1.0
2026-05-10,0.44813793741619357,0.8256676135784023,-0.009171429329481562,1.072563152622092,9.0
2026-05-11,0.03868213580632107,0.7181479803374498,-0.15928987209100223,0.466663344118639,5.0
2026-05-12,1.4535271498752809,1.0,1.1041825245941215,1.0,1.0
2026-05-13,0.2969639681122156,1.918507769771137,0.08367713019777451,0.8410167130234105,3.0
2026-05-14,0.176785145100945,0.8077185998964012,-0.17975075368674887,0.29587637427335234,6.0
2026-05-15,0.2153374824291511,0.7719503987934916,0.23554117856024534,1.014616393354314,6.0
2026-05-17,-0.23500062466712768,1.0,-0.30301774686567673,1.0,1.0
2026-05-18,0.7071067811865475,1.0,0.7071067811865475,1.0,1.0
2026-05-20,0.2770569001906118,1.0,-0.30301774686567673,1.0,1.0
2026-05-21,0.46864654091105157,1.0,2.5402373288875366,1.0,1.0
2026-05-22,1.0262007881169257,1.4939446642957113,-0.023630709252159304,0.8579924316162644,3.0
2026-05-27,-0.47543154794295517,0.462840294747739,0.9720258249823104,1.2375217641940919,4.0
2026-05-28,1.2918143468564116,2.2371322735684744,0.5476221096678954,1.3813367065896556,2.0
2026-05-29,-0.7159564064786332,0.7876540261390208,-0.2981841278660145,0.5207026898219633,12.0
2026-05-30,-0.13966049728900698,0.5857846089526724,-0.047085885720710735,1.1309422667515376,8.0
2026-05-31,-0.44553536269906935,0.8213597212313386,-0.282748101065555,0.18057966153969857,5.0
2026-06-01,1.3596096926157635,0.5433035521523437,0.5476221096678954,1.3813367065896556,2.0
2026-06-02,-0.2670258920141023,0.690582394668746,-0.38287988792003186,0.07358453876567621,12.0
2026-06-03,-1.7711731992403463,1.0,-0.30301774686567673,1.0,1.0
2026-06-04,-0.32996700548722463,1.0119014677583964,0.5469739120226695,1.1149374032921207,6.0
2026-06-05,0.3463164488233935,0.40001338513819296,-0.4782143479883521,0.04497041736214957,5.0
2026-06-06,0.7382824409922303,1.0,-0.6546536707079772,1.0,1.0
2026-06-07,1.739142468900282,1.4766786466249477,-0.5704934343856028,0.1999174601109735,2.0
2026-06-08,1.7108179697922823,1.0,-0.30301774686567673,1.0,1.0
2026-06-09,-1.102234234770968,1.0,-0.6546536707079772,1.0,1.0
2026-06-10,0.46483722193211197,0.24890740658277402,-0.5553934352109663,0.07170935398913156,2.0
2026-06-11,-0.514493621494649,0.9898525773406553,0.5711314208009513,1.1040519868232088,5.0
2026-06-14,0.4605262429805465,0.6780049730732159,-0.21456522133177117,0.3034410460209757,2.0
2026-06-15,-0.24378753703465597,0.8057922191412054,-0.48575134418249116,0.04903513910058658,3.0
2026-06-17,0.37988244004217336,0.14541727301641352,0.16716198201733268,0.6649345493392568,2.0
2026-06-18,0.25086494140615445,1.0699171510938954,0.4539132176112563,1.117478349721373,5.0
2026-06-19,-0.02108641876111129,0.7257207310840184,0.20461709766712446,0.8400698786137486,11.0
2026-06-20,0.19401439561191597,0.6656718271685723,-0.20534841477018884,0.5081191359847621,13.0
2026-06-21,0.28102388553297286,1.008347825917576,-0.4038763173942192,0.35941631122418644,18.0
2026-06-22,0.07814933890968033,0.26131401159832385,-0.38708927705823404,0.4152295543578554,8.0
2026-06-23,0.28883310684987534,1.0,-0.5046872647307448,1.0,1.0
2026-06-25,-0.018895671157727088,1.0,-0.42913044266354233,1.0,1.0
2026-06-27,0.7043018701813993,0.5790653515591375,0.1751111930606724,1.3343747895484237,4.0
2026-06-28,-0.36325994842587045,0.908174065208405,-0.09106452012277853,0.7326381853543468,14.0
2026-06-29,0.15825360089545368,0.7201707652418711,-0.18322687814288474,0.6114747361141605,18.0
2026-06-30,0.08674396361178655,1.0379881949413126,-0.005110014978058708,0.6864816581569789,10.0
2026-07-01,-0.24165831308537308,0.9734646738623922,-0.4397074151482296,0.28901192556077054,14.0
2026-07-02,-0.6952674798363371,1.3750743252601225,-0.40385250579821075,0.1426018836410112,2.0
2026-07-03,-0.3711360568001157,0.8980474729856461,1.0342671883343801,2.39168380517018,2.0
2026-07-04,-1.8306272737560492,1.0,0.24395022828454985,1.0,1.0
2026-07-05,-0.6627985989931584,0.5979973259394591,-0.6129591105248144,0.1398619249795569,2.0
2026-07-06,0.08978706356407871,1.0,-0.47061943485891794,1.0,1.0
2026-07-11,-0.9460972425998174,1.0,-0.5319060203720938,1.0,1.0
2026-07-13,-0.3574414586534166,1.173614566156809,-0.3199854095438468,0.487190150439184,5.0
2026-07-14,0.4185844921584227,1.3826722633315938,-0.28111552864097333,0.3655579055273947,16.0
2026-07-15,0.13650899414108875,0.8302452716225555,-0.06256646590809098,0.605150670990127,8.0
2026-07-16,-0.16679019321373953,0.882225964634598,-0.4554632966584666,0.16555134194040558,11.0
2026-07-17,-0.055070973717990836,0.9656984943317144,-0.18294069090946086,0.5404226592566123,19.0
2026-07-18,-0.5465465946084405,0.5105462949138276,0.03895339776735143,0.8264466479100244,4.0
2026-07-19,0.0266702229334914,0.037717390984057485,-0.24985948432021127,0.35335467141319044,2.0
2026-07-20,0.2770569001906118,1.0,-0.30301774686567673,1.0,1.0
2026-07-21,0.04103939679107863,1.0,-0.7687857109696261,1.0,1.0
2026-07-22,0.9939374349914469,0.0,-0.30301774686567673,0.0,2.0
2026-07-23,-0.7470581495248672,1.0,-0.30301774686567673,1.0,1.0
2026-07-24,1.1867937942390216,1.5292013646325273,0.42506858648791357,0.7507253832528803,3.0
2026-07-26,-0.42414914370031603,1.0,1.9639610121239317,1.0,1.0
2026-07-27,-0.3120160307731582,0.29636845502845555,1.0674324915141207,0.9528331258483055,2.0
2026-07-29,-0.4590263978783569,0.6261682876024808,-0.449661854059912,0.12731054444309037,3.0
2026-07-31,0.561812782305465,0.33672925469635684,-0.18424901545381395,0.5218411457577087,4.0
2026-08-01,-0.7411700461952355,1.4566444283234463,-0.40385250579821075,0.1426018836410112,2.0
2026-08-02,1.4618018306540719,2.0375616967987016,-0.4358190173038044,0.18780935775397734,2.0
2026-08-03,0.23001866656616263,0.5126088296833271,-0.2973188966679204,0.48083235573301275,6.0
2026-08-04,0.3488812982270246,1.0561577847810817,0.09544146007882477,1.0705888967297668,12.0
2026-08-05,0.4582716740935899,0.4642935225122,-0.22474079965016647,0.3353819957284709,3.0
2026-08-06,-1.1042686641847725,1.0,,1.0,1.0
2026-08-07,0.9874720748681992,1.0,-0.7687857109696261,1.0,1.0
2026-08-08,-0.4510324117047297,1.0,-0.7969722925954422,1.0,1.0
2026-08-09,1.277957264695818,1.0,-0.037518608191848504,1.0,1.0
2026-08-11,-1.667591859863286,1.0,-0.5046872647307448,1.0,1.0
2026-08-12,1.001586862402445,1.0568422204175367,-0.8194526264648001,0.22987189775856287,2.0
2026-08-13,-0.07076897638603684,0.5781168114546636,-0.6335570317450855,0.0922199037293459,3.0
2026-08-15,0.7892064093494868,0.4586202363574652,-0.42923299222218675,0.11144292612229505,3.0
2026-08-16,-0.9072531197035612,0.5189951883104544,0.2074434142327358,0.9791835983245681,4.0
2026-08-17,-0.7803531145683233,0.6867538270883777,-0.5468829939912822,0.09104598222437628,4.0
2026-08-19,-0.9860183277918123,0.6971007035631452,0.98531774897929,1.13620510907429,3.0
2026-08-20,-0.3927568954961374,0.5965383675118466,-0.41546915130119966,0.12309087294763345,4.0
2026-08-21,-0.16487530232766745,0.7087166949283774,-0.26426645789699654,0.4502057175812419,8.0
2026-08-23,0.43975432208896437,0.792691840113682,-0.3702409194873661,0.11643395042673908,3.0
2026-08-24,0.9933528954845856,0.0,-0.5140617949419656,0.0,2.0
2026-08-26,0.6503459141938172,1.0,-0.5319060203720938,1.0,1.0
2026-08-27,0.5507226986759257,0.37348453423289985,-0.44653701065617174,0.1250341932188557,3.0
2026-08-28,0.11757378923407559,1.0529199790784403,-0.359366103497836,0.5882814001095471,8.0
2026-08-31,0.28883310684987534,1.0,-0.5046872647307448,1.0,1.0
2026-09-03,0.19116864970018874,1.0,0.3311352409877971,1.0,1.0
2026-09-04,0.09454239173661944,0.35629817310403356,-0.35577875888474897,0.10552202403814441,4.0
2026-09-05,0.0,1.0,0.2,1.0,1.0
2026-09-06,0.8696827303262107,1.0,-0.9370422776888728,1.0,1.0
2026-09-07,-0.14396211488686816,1.0,-0.31622776601683794,1.0,1.0
2026-09-08,0.8473851050851223,0.5118384640537944,-0.48838564143430807,0.11158192770098761,5.0
